theme,element,foreground,background,fg_luminance,bg_luminance,contrast,pass_AA_normal,pass_AA_large,pass_AAA
dark,heading,#e6eef6,#0d1117,0.847,0.0055,16.17,yes,yes,yes
dark,body,#c9d1d9,#0d1117,0.63,0.0055,12.26,yes,yes,yes
dark,link,#58a6ff,#0d1117,0.366,0.0055,7.49,yes,yes,yes
dark,link-hover,#79b8ff,#0d1117,0.455,0.0055,9.11,yes,yes,yes
dark,card-heading,#e6eef6,#0f1720,0.847,0.0082,15.41,yes,yes,yes
dark,card-body,#c9d1d9,#0f1720,0.63,0.0082,11.68,yes,yes,yes
dark,btn-primary-text,#ffffff,#58a6ff,1.0,0.366,2.53,no,no,no
light,body,#2d3748,#ffffff,0.0378,1.0,11.96,yes,yes,yes
light,heading,#000000,#ffffff,0.0,1.0,21.00,yes,yes,yes
light,link,#0066cc,#ffffff,0.139,1.0,5.56,yes,yes,no
light,btn-primary-text,#ffffff,#0066cc,1.0,0.139,5.56,yes,yes,no
